2026/09/24 21:22:29.480, 1
2026/09/24 21:22:29.980, 1
2026/09/24 21:22:30.480, 1
2026/09/24 21:22:30.980, 1
2026/09/24 21:22:31.480, 1
2026/09/24 21:22:31.981, 1
2026/09/24 21:22:32.481, 4
2026/09/24 21:22:32.981, 4
2026/09/24 21:22:33.481, 4
2026/09/24 21:22:33.981, 4
2026/09/24 21:22:34.481, 4
2026/09/24 21:22:34.982, 4
2026/09/24 21:22:35.482, 8857
2026/09/24 21:22:35.982, 8857
2026/09/24 21:22:36.482, 8857
2026/09/24 21:22:36.982, 8857
2026/09/24 21:22:37.482, 8857
2026/09/24 21:22:37.983, 8997
2026/09/24 21:22:38.483, 493
2026/09/24 21:22:38.983, 493
