2026/09/24 21:42:45.380, 1
2026/09/24 21:42:45.880, 1
2026/09/24 21:42:46.380, 1
2026/09/24 21:42:46.880, 1
2026/09/24 21:42:47.381, 1
2026/09/24 21:42:47.881, 1
2026/09/24 21:42:48.381, 4
2026/09/24 21:42:48.881, 4
2026/09/24 21:42:49.381, 4
2026/09/24 21:42:49.881, 4
2026/09/24 21:42:50.381, 4
2026/09/24 21:42:50.882, 4
2026/09/24 21:42:51.382, 8857
2026/09/24 21:42:51.882, 8857
2026/09/24 21:42:52.382, 8857
2026/09/24 21:42:52.883, 8857
2026/09/24 21:42:53.383, 8857
2026/09/24 21:42:53.883, 9127
2026/09/24 21:42:54.383, 9151
2026/09/24 21:42:54.883, 9151
2026/09/24 21:42:55.383, 9151
2026/09/24 21:42:55.884, 9151
2026/09/24 21:42:56.384, 9151
2026/09/24 21:42:56.884, 9151
2026/09/24 21:42:57.384, 9171
2026/09/24 21:42:57.884, 9171
2026/09/24 21:42:58.384, 8961
2026/09/24 21:42:58.884, 495
2026/09/24 21:42:59.385, 1
