2026/09/24 21:36:00.581, 1
2026/09/24 21:36:01.081, 1
2026/09/24 21:36:01.581, 1
2026/09/24 21:36:02.081, 1
2026/09/24 21:36:02.581, 1
2026/09/24 21:36:03.082, 1
2026/09/24 21:36:03.582, 4
2026/09/24 21:36:04.082, 4
2026/09/24 21:36:04.582, 4
2026/09/24 21:36:05.082, 4
2026/09/24 21:36:05.582, 4
2026/09/24 21:36:06.083, 4
2026/09/24 21:36:06.583, 8857
2026/09/24 21:36:07.083, 8857
2026/09/24 21:36:07.583, 8857
2026/09/24 21:36:08.083, 8857
2026/09/24 21:36:08.583, 8857
2026/09/24 21:36:09.083, 9127
2026/09/24 21:36:09.584, 9151
2026/09/24 21:36:10.084, 9151
2026/09/24 21:36:10.584, 9151
2026/09/24 21:36:11.084, 9151
2026/09/24 21:36:11.584, 9151
2026/09/24 21:36:12.085, 9151
2026/09/24 21:36:12.585, 9171
2026/09/24 21:36:13.085, 9171
2026/09/24 21:36:13.585, 495
2026/09/24 21:36:14.085, 495
