2026/09/25 01:28:38.045, 1
2026/09/25 01:28:38.545, 1
2026/09/25 01:28:39.045, 1
2026/09/25 01:28:39.545, 1
2026/09/25 01:28:40.046, 1
2026/09/25 01:28:40.546, 1
2026/09/25 01:28:41.046, 1
2026/09/25 01:28:41.546, 4
2026/09/25 01:28:42.046, 4
2026/09/25 01:28:42.546, 4
2026/09/25 01:28:43.047, 4
2026/09/25 01:28:43.547, 4
2026/09/25 01:28:44.047, 4
2026/09/25 01:28:44.547, 4
2026/09/25 01:28:45.047, 4
2026/09/25 01:28:45.547, 4
2026/09/25 01:28:46.048, 4
2026/09/25 01:28:46.548, 4
2026/09/25 01:28:47.048, 4
2026/09/25 01:28:47.548, 4
2026/09/25 01:28:48.048, 4
2026/09/25 01:28:48.549, 4
2026/09/25 01:28:49.049, 4
2026/09/25 01:28:49.549, 4
2026/09/25 01:28:50.049, 4
2026/09/25 01:28:50.549, 4
2026/09/25 01:28:51.049, 455
2026/09/25 01:28:51.550, 535
2026/09/25 01:28:52.050, 535
2026/09/25 01:28:52.550, 535
2026/09/25 01:28:53.050, 9479
2026/09/25 01:28:53.550, 9479
2026/09/25 01:28:54.051, 9479
2026/09/25 01:28:54.551, 9479
2026/09/25 01:28:55.051, 9479
2026/09/25 01:28:55.551, 9479
2026/09/25 01:28:56.051, 9479
2026/09/25 01:28:56.551, 9479
2026/09/25 01:28:57.051, 9479
2026/09/25 01:28:57.552, 9479
2026/09/25 01:28:58.052, 9479
2026/09/25 01:28:58.552, 10563
2026/09/25 01:28:59.052, 15197
2026/09/25 01:28:59.552, 15197
2026/09/25 01:29:00.052, 15197
2026/09/25 01:29:00.553, 15197
2026/09/25 01:29:01.053, 15197
2026/09/25 01:29:01.553, 15197
2026/09/25 01:29:02.053, 15197
2026/09/25 01:29:02.553, 15197
2026/09/25 01:29:03.053, 15197
2026/09/25 01:29:03.553, 15199
2026/09/25 01:29:04.054, 15199
2026/09/25 01:29:04.554, 15645
2026/09/25 01:29:05.054, 9499
2026/09/25 01:29:05.554, 16339
2026/09/25 01:29:06.054, 16577
2026/09/25 01:29:06.554, 16659
2026/09/25 01:29:07.054, 16813
2026/09/25 01:29:07.555, 16975
2026/09/25 01:29:08.055, 17107
2026/09/25 01:29:08.555, 17243
2026/09/25 01:29:09.055, 18661
2026/09/25 01:29:09.555, 18661
2026/09/25 01:29:10.055, 18661
2026/09/25 01:29:10.556, 18661
2026/09/25 01:29:11.056, 18661
2026/09/25 01:29:11.556, 18661
2026/09/25 01:29:12.056, 18661
2026/09/25 01:29:12.556, 18661
2026/09/25 01:29:13.056, 18661
2026/09/25 01:29:13.556, 18661
2026/09/25 01:29:14.057, 18661
2026/09/25 01:29:14.557, 18669
2026/09/25 01:29:15.057, 18691
2026/09/25 01:29:15.557, 19171
2026/09/25 01:29:16.057, 19171
2026/09/25 01:29:16.558, 19171
2026/09/25 01:29:17.058, 19171
2026/09/25 01:29:17.558, 19287
2026/09/25 01:29:18.058, 19287
2026/09/25 01:29:18.558, 19287
2026/09/25 01:29:19.058, 19287
2026/09/25 01:29:19.559, 19287
2026/09/25 01:29:20.059, 19287
2026/09/25 01:29:20.559, 19287
2026/09/25 01:29:21.059, 19287
2026/09/25 01:29:21.559, 19287
2026/09/25 01:29:22.059, 19287
2026/09/25 01:29:22.559, 19287
2026/09/25 01:29:23.060, 19287
2026/09/25 01:29:23.560, 19287
2026/09/25 01:29:24.060, 19287
2026/09/25 01:29:24.560, 19287
2026/09/25 01:29:25.060, 19287
2026/09/25 01:29:25.560, 19287
2026/09/25 01:29:26.061, 19287
2026/09/25 01:29:26.561, 19287
2026/09/25 01:29:27.061, 19287
2026/09/25 01:29:27.561, 19287
2026/09/25 01:29:28.061, 19287
2026/09/25 01:29:28.561, 19287
2026/09/25 01:29:29.061, 19287
2026/09/25 01:29:29.562, 19287
2026/09/25 01:29:30.062, 19287
2026/09/25 01:29:30.562, 19287
2026/09/25 01:29:31.062, 19287
2026/09/25 01:29:31.562, 19287
2026/09/25 01:29:32.062, 19287
2026/09/25 01:29:32.563, 19287
2026/09/25 01:29:33.063, 19287
2026/09/25 01:29:33.563, 19287
2026/09/25 01:29:34.063, 19287
2026/09/25 01:29:34.563, 19287
2026/09/25 01:29:35.063, 19287
2026/09/25 01:29:35.563, 19287
2026/09/25 01:29:36.064, 19287
2026/09/25 01:29:36.564, 19287
2026/09/25 01:29:37.064, 19287
2026/09/25 01:29:37.564, 19287
2026/09/25 01:29:38.064, 19287
2026/09/25 01:29:38.564, 19287
2026/09/25 01:29:39.065, 19287
2026/09/25 01:29:39.565, 19287
2026/09/25 01:29:40.065, 19287
2026/09/25 01:29:40.565, 19287
2026/09/25 01:29:41.065, 19287
2026/09/25 01:29:41.565, 19287
2026/09/25 01:29:42.066, 19287
2026/09/25 01:29:42.566, 19287
2026/09/25 01:29:43.066, 19287
2026/09/25 01:29:43.566, 19287
2026/09/25 01:29:44.066, 19287
2026/09/25 01:29:44.566, 19287
2026/09/25 01:29:45.066, 19287
2026/09/25 01:29:45.567, 19287
2026/09/25 01:29:46.067, 19287
2026/09/25 01:29:46.567, 19287
2026/09/25 01:29:47.067, 19287
2026/09/25 01:29:47.567, 19287
2026/09/25 01:29:48.067, 19287
2026/09/25 01:29:48.568, 19287
2026/09/25 01:29:49.068, 19287
2026/09/25 01:29:49.568, 19287
2026/09/25 01:29:50.068, 19287
2026/09/25 01:29:50.568, 19287
2026/09/25 01:29:51.068, 19287
2026/09/25 01:29:51.569, 19287
2026/09/25 01:29:52.069, 19287
2026/09/25 01:29:52.569, 19287
2026/09/25 01:29:53.069, 19287
2026/09/25 01:29:53.569, 19287
2026/09/25 01:29:54.069, 19287
2026/09/25 01:29:54.570, 19287
2026/09/25 01:29:55.070, 19287
2026/09/25 01:29:55.570, 19287
2026/09/25 01:29:56.070, 19287
2026/09/25 01:29:56.570, 19287
2026/09/25 01:29:57.070, 19287
2026/09/25 01:29:57.571, 19287
2026/09/25 01:29:58.071, 19287
2026/09/25 01:29:58.571, 19287
2026/09/25 01:29:59.071, 19287
2026/09/25 01:29:59.571, 19287
2026/09/25 01:30:00.071, 19287
2026/09/25 01:30:00.571, 19287
2026/09/25 01:30:01.072, 19287
2026/09/25 01:30:01.572, 19287
2026/09/25 01:30:02.072, 19287
2026/09/25 01:30:02.572, 19287
2026/09/25 01:30:03.072, 19287
2026/09/25 01:30:03.572, 19287
2026/09/25 01:30:04.073, 19287
2026/09/25 01:30:04.573, 19287
2026/09/25 01:30:05.073, 19287
2026/09/25 01:30:05.573, 19287
2026/09/25 01:30:06.073, 19287
2026/09/25 01:30:06.573, 19287
2026/09/25 01:30:07.074, 19287
2026/09/25 01:30:07.574, 19287
2026/09/25 01:30:08.074, 19287
2026/09/25 01:30:08.574, 19287
2026/09/25 01:30:09.074, 19287
2026/09/25 01:30:09.574, 19287
2026/09/25 01:30:10.074, 19287
2026/09/25 01:30:10.575, 19287
2026/09/25 01:30:11.075, 19287
2026/09/25 01:30:11.575, 19287
2026/09/25 01:30:12.075, 19287
2026/09/25 01:30:12.575, 19287
2026/09/25 01:30:13.076, 19287
2026/09/25 01:30:13.576, 19287
2026/09/25 01:30:14.076, 19287
2026/09/25 01:30:14.576, 19287
2026/09/25 01:30:15.076, 19287
2026/09/25 01:30:15.577, 19287
2026/09/25 01:30:16.077, 19287
2026/09/25 01:30:16.577, 19287
2026/09/25 01:30:17.077, 19287
2026/09/25 01:30:17.577, 19287
2026/09/25 01:30:18.077, 19287
2026/09/25 01:30:18.577, 19287
2026/09/25 01:30:19.078, 19287
2026/09/25 01:30:19.578, 19287
2026/09/25 01:30:20.078, 19287
2026/09/25 01:30:20.578, 19287
2026/09/25 01:30:21.078, 19287
2026/09/25 01:30:21.578, 19287
2026/09/25 01:30:22.078, 19287
2026/09/25 01:30:22.579, 19287
2026/09/25 01:30:23.079, 19287
2026/09/25 01:30:23.579, 19287
2026/09/25 01:30:24.079, 19287
2026/09/25 01:30:24.579, 19287
2026/09/25 01:30:25.079, 19287
2026/09/25 01:30:25.580, 19287
2026/09/25 01:30:26.080, 19287
2026/09/25 01:30:26.580, 19287
2026/09/25 01:30:27.080, 19287
2026/09/25 01:30:27.580, 19287
2026/09/25 01:30:28.081, 19287
2026/09/25 01:30:28.581, 19287
2026/09/25 01:30:29.081, 19287
2026/09/25 01:30:29.581, 19287
2026/09/25 01:30:30.081, 19287
2026/09/25 01:30:30.581, 19287
2026/09/25 01:30:31.081, 19287
2026/09/25 01:30:31.582, 19287
2026/09/25 01:30:32.082, 19287
2026/09/25 01:30:32.582, 19287
2026/09/25 01:30:33.082, 19287
2026/09/25 01:30:33.582, 19287
2026/09/25 01:30:34.082, 19287
2026/09/25 01:30:34.583, 19287
2026/09/25 01:30:35.083, 19287
2026/09/25 01:30:35.583, 19287
2026/09/25 01:30:36.083, 19287
2026/09/25 01:30:36.583, 19287
2026/09/25 01:30:37.083, 19287
2026/09/25 01:30:37.583, 19287
2026/09/25 01:30:38.084, 19287
2026/09/25 01:30:38.584, 19287
2026/09/25 01:30:39.084, 19287
2026/09/25 01:30:39.584, 19287
2026/09/25 01:30:40.084, 19287
2026/09/25 01:30:40.584, 19287
2026/09/25 01:30:41.084, 19287
2026/09/25 01:30:41.585, 19287
2026/09/25 01:30:42.085, 19287
2026/09/25 01:30:42.585, 19287
2026/09/25 01:30:43.085, 19287
2026/09/25 01:30:43.585, 19287
2026/09/25 01:30:44.085, 19287
2026/09/25 01:30:44.586, 19287
2026/09/25 01:30:45.086, 19287
2026/09/25 01:30:45.586, 19287
2026/09/25 01:30:46.086, 19287
2026/09/25 01:30:46.586, 19287
2026/09/25 01:30:47.086, 19287
2026/09/25 01:30:47.587, 19287
2026/09/25 01:30:48.087, 19287
2026/09/25 01:30:48.587, 19287
2026/09/25 01:30:49.087, 19287
2026/09/25 01:30:49.587, 19287
2026/09/25 01:30:50.088, 19287
2026/09/25 01:30:50.588, 19287
2026/09/25 01:30:51.088, 19287
2026/09/25 01:30:51.588, 19287
2026/09/25 01:30:52.088, 19287
2026/09/25 01:30:52.588, 19287
2026/09/25 01:30:53.088, 19287
2026/09/25 01:30:53.589, 19287
2026/09/25 01:30:54.089, 19287
2026/09/25 01:30:54.589, 19287
2026/09/25 01:30:55.089, 19287
2026/09/25 01:30:55.589, 19287
2026/09/25 01:30:56.090, 19287
2026/09/25 01:30:56.590, 19287
2026/09/25 01:30:57.090, 19287
2026/09/25 01:30:57.590, 19287
2026/09/25 01:30:58.090, 19287
2026/09/25 01:30:58.590, 19287
2026/09/25 01:30:59.091, 19287
2026/09/25 01:30:59.591, 19287
2026/09/25 01:31:00.091, 19287
2026/09/25 01:31:00.591, 19287
2026/09/25 01:31:01.091, 19287
2026/09/25 01:31:01.591, 19287
2026/09/25 01:31:02.091, 19287
2026/09/25 01:31:02.592, 19287
2026/09/25 01:31:03.092, 19287
2026/09/25 01:31:03.592, 19287
2026/09/25 01:31:04.092, 19287
2026/09/25 01:31:04.592, 19287
2026/09/25 01:31:05.092, 19287
2026/09/25 01:31:05.592, 19287
2026/09/25 01:31:06.093, 19287
2026/09/25 01:31:06.593, 19287
2026/09/25 01:31:07.093, 19287
2026/09/25 01:31:07.593, 19287
2026/09/25 01:31:08.093, 19287
2026/09/25 01:31:08.593, 19287
2026/09/25 01:31:09.094, 19287
2026/09/25 01:31:09.594, 19287
2026/09/25 01:31:10.094, 19287
2026/09/25 01:31:10.594, 19287
2026/09/25 01:31:11.094, 19287
2026/09/25 01:31:11.594, 19287
2026/09/25 01:31:12.094, 19287
2026/09/25 01:31:12.595, 19287
2026/09/25 01:31:13.095, 19287
2026/09/25 01:31:13.595, 19287
2026/09/25 01:31:14.095, 19287
2026/09/25 01:31:14.595, 19287
2026/09/25 01:31:15.096, 19287
2026/09/25 01:31:15.596, 19287
2026/09/25 01:31:16.096, 19287
2026/09/25 01:31:16.596, 19287
2026/09/25 01:31:17.096, 19287
2026/09/25 01:31:17.596, 19287
2026/09/25 01:31:18.096, 19287
2026/09/25 01:31:18.597, 19287
2026/09/25 01:31:19.097, 19287
2026/09/25 01:31:19.597, 19287
2026/09/25 01:31:20.097, 19287
2026/09/25 01:31:20.597, 19287
2026/09/25 01:31:21.097, 19287
2026/09/25 01:31:21.598, 19287
2026/09/25 01:31:22.098, 19287
2026/09/25 01:31:22.598, 19287
2026/09/25 01:31:23.098, 19287
2026/09/25 01:31:23.598, 19287
2026/09/25 01:31:24.098, 19287
2026/09/25 01:31:24.599, 19287
2026/09/25 01:31:25.099, 19287
2026/09/25 01:31:25.599, 19287
2026/09/25 01:31:26.099, 19287
2026/09/25 01:31:26.599, 19287
2026/09/25 01:31:27.099, 19287
2026/09/25 01:31:27.600, 19287
2026/09/25 01:31:28.100, 19287
2026/09/25 01:31:28.600, 19287
2026/09/25 01:31:29.100, 19287
2026/09/25 01:31:29.600, 19287
2026/09/25 01:31:30.100, 19287
2026/09/25 01:31:30.601, 19287
2026/09/25 01:31:31.101, 19287
2026/09/25 01:31:31.601, 19287
2026/09/25 01:31:32.101, 19287
2026/09/25 01:31:32.601, 19287
2026/09/25 01:31:33.101, 19287
2026/09/25 01:31:33.602, 19287
2026/09/25 01:31:34.102, 19287
2026/09/25 01:31:34.602, 19287
2026/09/25 01:31:35.102, 19287
2026/09/25 01:31:35.602, 19287
2026/09/25 01:31:36.102, 19287
2026/09/25 01:31:36.603, 19287
2026/09/25 01:31:37.103, 19287
2026/09/25 01:31:37.603, 19287
2026/09/25 01:31:38.103, 19287
2026/09/25 01:31:38.603, 19287
2026/09/25 01:31:39.103, 19287
2026/09/25 01:31:39.604, 19287
2026/09/25 01:31:40.104, 19287
2026/09/25 01:31:40.604, 19287
2026/09/25 01:31:41.104, 19287
2026/09/25 01:31:41.604, 19287
2026/09/25 01:31:42.104, 19287
2026/09/25 01:31:42.605, 19287
2026/09/25 01:31:43.105, 19287
2026/09/25 01:31:43.605, 19287
2026/09/25 01:31:44.105, 19287
2026/09/25 01:31:44.605, 19287
2026/09/25 01:31:45.105, 19287
2026/09/25 01:31:45.606, 19287
2026/09/25 01:31:46.106, 19287
2026/09/25 01:31:46.606, 19287
2026/09/25 01:31:47.106, 19287
2026/09/25 01:31:47.606, 19287
2026/09/25 01:31:48.106, 19287
2026/09/25 01:31:48.607, 19287
2026/09/25 01:31:49.107, 19287
2026/09/25 01:31:49.607, 19287
2026/09/25 01:31:50.107, 19287
2026/09/25 01:31:50.607, 19287
2026/09/25 01:31:51.107, 19287
2026/09/25 01:31:51.608, 19287
2026/09/25 01:31:52.108, 19287
2026/09/25 01:31:52.608, 19287
2026/09/25 01:31:53.108, 19287
2026/09/25 01:31:53.608, 19287
2026/09/25 01:31:54.109, 19287
2026/09/25 01:31:54.609, 19287
2026/09/25 01:31:55.109, 19287
2026/09/25 01:31:55.609, 19287
2026/09/25 01:31:56.109, 19287
2026/09/25 01:31:56.609, 19287
2026/09/25 01:31:57.110, 19287
2026/09/25 01:31:57.610, 19287
2026/09/25 01:31:58.110, 19287
2026/09/25 01:31:58.610, 19287
2026/09/25 01:31:59.110, 19287
2026/09/25 01:31:59.610, 19287
2026/09/25 01:32:00.111, 19287
2026/09/25 01:32:00.611, 19287
2026/09/25 01:32:01.111, 19287
2026/09/25 01:32:01.611, 19287
2026/09/25 01:32:02.111, 19287
2026/09/25 01:32:02.611, 19287
2026/09/25 01:32:03.111, 19287
2026/09/25 01:32:03.612, 19287
2026/09/25 01:32:04.112, 19287
2026/09/25 01:32:04.612, 19287
2026/09/25 01:32:05.112, 19287
2026/09/25 01:32:05.612, 19287
2026/09/25 01:32:06.112, 19287
2026/09/25 01:32:06.612, 19287
2026/09/25 01:32:07.113, 19287
2026/09/25 01:32:07.613, 19287
2026/09/25 01:32:08.113, 19287
2026/09/25 01:32:08.613, 19287
2026/09/25 01:32:09.113, 19287
2026/09/25 01:32:09.613, 19287
2026/09/25 01:32:10.114, 19287
2026/09/25 01:32:10.614, 19287
2026/09/25 01:32:11.114, 19287
2026/09/25 01:32:11.614, 19287
2026/09/25 01:32:12.114, 19287
2026/09/25 01:32:12.614, 19287
2026/09/25 01:32:13.114, 19287
2026/09/25 01:32:13.615, 19287
2026/09/25 01:32:14.115, 19287
2026/09/25 01:32:14.615, 19287
2026/09/25 01:32:15.115, 19287
2026/09/25 01:32:15.615, 19287
2026/09/25 01:32:16.115, 19287
2026/09/25 01:32:16.615, 19287
2026/09/25 01:32:17.116, 19287
2026/09/25 01:32:17.616, 19287
2026/09/25 01:32:18.116, 19287
2026/09/25 01:32:18.616, 19287
2026/09/25 01:32:19.116, 19287
2026/09/25 01:32:19.616, 19287
2026/09/25 01:32:20.116, 19287
2026/09/25 01:32:20.617, 19287
2026/09/25 01:32:21.117, 19287
2026/09/25 01:32:21.617, 19287
2026/09/25 01:32:22.117, 19287
2026/09/25 01:32:22.617, 19287
2026/09/25 01:32:23.117, 19287
2026/09/25 01:32:23.617, 19287
2026/09/25 01:32:24.117, 19287
2026/09/25 01:32:24.618, 19287
2026/09/25 01:32:25.118, 19287
2026/09/25 01:32:25.618, 19287
2026/09/25 01:32:26.118, 19287
2026/09/25 01:32:26.618, 19287
2026/09/25 01:32:27.118, 19287
2026/09/25 01:32:27.619, 19287
2026/09/25 01:32:28.119, 19287
2026/09/25 01:32:28.619, 19287
2026/09/25 01:32:29.119, 19287
2026/09/25 01:32:29.619, 19287
2026/09/25 01:32:30.119, 19287
2026/09/25 01:32:30.619, 19287
2026/09/25 01:32:31.120, 19287
2026/09/25 01:32:31.620, 19287
2026/09/25 01:32:32.120, 19287
2026/09/25 01:32:32.620, 19287
2026/09/25 01:32:33.120, 19287
2026/09/25 01:32:33.620, 19287
2026/09/25 01:32:34.120, 19287
2026/09/25 01:32:34.621, 19287
2026/09/25 01:32:35.121, 19287
2026/09/25 01:32:35.621, 19287
2026/09/25 01:32:36.121, 19287
2026/09/25 01:32:36.621, 19287
2026/09/25 01:32:37.121, 19287
2026/09/25 01:32:37.621, 19287
2026/09/25 01:32:38.122, 19287
2026/09/25 01:32:38.622, 19287
2026/09/25 01:32:39.122, 19287
2026/09/25 01:32:39.622, 19287
2026/09/25 01:32:40.122, 19287
2026/09/25 01:32:40.622, 19287
2026/09/25 01:32:41.123, 19287
2026/09/25 01:32:41.623, 19287
2026/09/25 01:32:42.123, 19287
2026/09/25 01:32:42.623, 19287
2026/09/25 01:32:43.123, 19287
2026/09/25 01:32:43.623, 19287
2026/09/25 01:32:44.124, 19287
2026/09/25 01:32:44.624, 19287
2026/09/25 01:32:45.124, 19287
2026/09/25 01:32:45.624, 19287
2026/09/25 01:32:46.124, 19287
2026/09/25 01:32:46.624, 19287
2026/09/25 01:32:47.124, 19287
2026/09/25 01:32:47.625, 19287
2026/09/25 01:32:48.125, 19287
2026/09/25 01:32:48.625, 19287
2026/09/25 01:32:49.125, 19287
2026/09/25 01:32:49.625, 19287
2026/09/25 01:32:50.125, 19287
2026/09/25 01:32:50.626, 19287
2026/09/25 01:32:51.126, 19287
2026/09/25 01:32:51.626, 19287
2026/09/25 01:32:52.126, 19287
2026/09/25 01:32:52.626, 19287
2026/09/25 01:32:53.126, 19287
2026/09/25 01:32:53.627, 19287
2026/09/25 01:32:54.127, 19287
2026/09/25 01:32:54.627, 19287
2026/09/25 01:32:55.127, 19287
2026/09/25 01:32:55.627, 19287
2026/09/25 01:32:56.127, 19287
2026/09/25 01:32:56.628, 19287
2026/09/25 01:32:57.128, 19287
2026/09/25 01:32:57.628, 19287
2026/09/25 01:32:58.128, 19287
2026/09/25 01:32:58.628, 19287
2026/09/25 01:32:59.128, 19287
2026/09/25 01:32:59.628, 19287
2026/09/25 01:33:00.129, 19287
2026/09/25 01:33:00.629, 19287
2026/09/25 01:33:01.129, 19287
2026/09/25 01:33:01.629, 19287
2026/09/25 01:33:02.129, 19287
2026/09/25 01:33:02.629, 19287
2026/09/25 01:33:03.130, 19287
2026/09/25 01:33:03.630, 19287
2026/09/25 01:33:04.130, 19287
2026/09/25 01:33:04.630, 19287
2026/09/25 01:33:05.130, 19287
2026/09/25 01:33:05.631, 19287
2026/09/25 01:33:06.131, 19287
2026/09/25 01:33:06.631, 19287
2026/09/25 01:33:07.131, 19287
2026/09/25 01:33:07.631, 19287
2026/09/25 01:33:08.131, 19287
2026/09/25 01:33:08.632, 19287
2026/09/25 01:33:09.132, 19287
2026/09/25 01:33:09.632, 19287
2026/09/25 01:33:10.132, 19287
2026/09/25 01:33:10.632, 19287
2026/09/25 01:33:11.132, 19287
2026/09/25 01:33:11.633, 19287
2026/09/25 01:33:12.133, 19287
2026/09/25 01:33:12.633, 19287
2026/09/25 01:33:13.133, 19287
2026/09/25 01:33:13.633, 19287
2026/09/25 01:33:14.133, 19287
2026/09/25 01:33:14.634, 19287
2026/09/25 01:33:15.134, 19287
2026/09/25 01:33:15.634, 19287
2026/09/25 01:33:16.134, 19287
2026/09/25 01:33:16.634, 19287
2026/09/25 01:33:17.134, 19287
2026/09/25 01:33:17.634, 19287
2026/09/25 01:33:18.135, 19287
2026/09/25 01:33:18.635, 19287
2026/09/25 01:33:19.135, 19287
2026/09/25 01:33:19.635, 19287
2026/09/25 01:33:20.135, 19287
2026/09/25 01:33:20.635, 19287
2026/09/25 01:33:21.135, 19287
2026/09/25 01:33:21.636, 19287
2026/09/25 01:33:22.136, 19287
2026/09/25 01:33:22.636, 19287
2026/09/25 01:33:23.136, 19287
2026/09/25 01:33:23.636, 19287
2026/09/25 01:33:24.136, 19287
2026/09/25 01:33:24.636, 19287
2026/09/25 01:33:25.137, 19287
2026/09/25 01:33:25.637, 19287
2026/09/25 01:33:26.137, 19287
2026/09/25 01:33:26.637, 19287
2026/09/25 01:33:27.137, 19287
2026/09/25 01:33:27.637, 19287
2026/09/25 01:33:28.137, 19287
2026/09/25 01:33:28.638, 19287
2026/09/25 01:33:29.138, 19287
2026/09/25 01:33:29.638, 19287
2026/09/25 01:33:30.138, 19287
2026/09/25 01:33:30.638, 19287
2026/09/25 01:33:31.138, 19287
2026/09/25 01:33:31.638, 19287
2026/09/25 01:33:32.139, 19287
2026/09/25 01:33:32.639, 19287
2026/09/25 01:33:33.139, 19287
2026/09/25 01:33:33.639, 19287
2026/09/25 01:33:34.140, 19287
2026/09/25 01:33:34.640, 19287
2026/09/25 01:33:35.140, 19287
2026/09/25 01:33:35.640, 19287
2026/09/25 01:33:36.140, 19287
2026/09/25 01:33:36.640, 19287
2026/09/25 01:33:37.140, 19287
2026/09/25 01:33:37.641, 19287
2026/09/25 01:33:38.141, 19287
2026/09/25 01:33:38.641, 19287
2026/09/25 01:33:39.141, 19287
2026/09/25 01:33:39.641, 19287
2026/09/25 01:33:40.141, 19287
2026/09/25 01:33:40.641, 19287
2026/09/25 01:33:41.142, 19287
2026/09/25 01:33:41.642, 19287
2026/09/25 01:33:42.142, 19287
2026/09/25 01:33:42.642, 19287
2026/09/25 01:33:43.142, 19287
2026/09/25 01:33:43.642, 19287
2026/09/25 01:33:44.142, 19287
2026/09/25 01:33:44.643, 19287
2026/09/25 01:33:45.143, 19287
2026/09/25 01:33:45.643, 19287
2026/09/25 01:33:46.143, 19287
2026/09/25 01:33:46.643, 19287
2026/09/25 01:33:47.143, 19287
2026/09/25 01:33:47.644, 19287
2026/09/25 01:33:48.144, 19287
2026/09/25 01:33:48.644, 19287
2026/09/25 01:33:49.144, 19287
2026/09/25 01:33:49.644, 19287
2026/09/25 01:33:50.144, 19287
2026/09/25 01:33:50.644, 19287
2026/09/25 01:33:51.145, 19287
2026/09/25 01:33:51.645, 19287
2026/09/25 01:33:52.145, 19287
2026/09/25 01:33:52.645, 19287
2026/09/25 01:33:53.145, 19287
2026/09/25 01:33:53.645, 19287
2026/09/25 01:33:54.145, 19287
2026/09/25 01:33:54.645, 19287
2026/09/25 01:33:55.146, 19287
2026/09/25 01:33:55.646, 19287
2026/09/25 01:33:56.146, 19287
2026/09/25 01:33:56.646, 19287
2026/09/25 01:33:57.146, 19287
2026/09/25 01:33:57.646, 19287
2026/09/25 01:33:58.146, 19287
2026/09/25 01:33:58.646, 19287
2026/09/25 01:33:59.147, 19287
2026/09/25 01:33:59.647, 19287
2026/09/25 01:34:00.147, 19287
2026/09/25 01:34:00.647, 19287
2026/09/25 01:34:01.147, 19287
2026/09/25 01:34:01.647, 19287
2026/09/25 01:34:02.148, 19287
2026/09/25 01:34:02.648, 19287
2026/09/25 01:34:03.148, 19287
2026/09/25 01:34:03.648, 19287
2026/09/25 01:34:04.148, 19287
2026/09/25 01:34:04.648, 19287
2026/09/25 01:34:05.149, 19287
2026/09/25 01:34:05.649, 19287
2026/09/25 01:34:06.149, 19287
2026/09/25 01:34:06.649, 19287
2026/09/25 01:34:07.149, 19287
2026/09/25 01:34:07.650, 19287
2026/09/25 01:34:08.150, 19287
2026/09/25 01:34:08.650, 19287
2026/09/25 01:34:09.150, 19287
2026/09/25 01:34:09.650, 19287
2026/09/25 01:34:10.150, 19287
2026/09/25 01:34:10.651, 19287
2026/09/25 01:34:11.151, 19287
2026/09/25 01:34:11.651, 19287
2026/09/25 01:34:12.151, 19287
2026/09/25 01:34:12.651, 19287
2026/09/25 01:34:13.151, 19287
2026/09/25 01:34:13.651, 19287
2026/09/25 01:34:14.152, 19287
2026/09/25 01:34:14.652, 19287
2026/09/25 01:34:15.152, 19287
2026/09/25 01:34:15.652, 19287
2026/09/25 01:34:16.152, 19287
2026/09/25 01:34:16.652, 19287
2026/09/25 01:34:17.152, 19287
2026/09/25 01:34:17.653, 19287
2026/09/25 01:34:18.153, 19287
2026/09/25 01:34:18.653, 19287
2026/09/25 01:34:19.153, 19287
2026/09/25 01:34:19.653, 19287
2026/09/25 01:34:20.153, 19287
2026/09/25 01:34:20.653, 19287
2026/09/25 01:34:21.154, 19287
2026/09/25 01:34:21.654, 19287
2026/09/25 01:34:22.154, 19287
2026/09/25 01:34:22.654, 19287
2026/09/25 01:34:23.154, 19287
2026/09/25 01:34:23.654, 19287
2026/09/25 01:34:24.155, 19287
2026/09/25 01:34:24.655, 19287
2026/09/25 01:34:25.155, 19287
2026/09/25 01:34:25.655, 19287
2026/09/25 01:34:26.155, 19287
2026/09/25 01:34:26.655, 19287
2026/09/25 01:34:27.156, 19287
2026/09/25 01:34:27.656, 19287
2026/09/25 01:34:28.156, 19287
2026/09/25 01:34:28.656, 19287
2026/09/25 01:34:29.156, 19287
2026/09/25 01:34:29.656, 19287
2026/09/25 01:34:30.156, 19287
2026/09/25 01:34:30.657, 19287
2026/09/25 01:34:31.157, 19287
2026/09/25 01:34:31.657, 19287
2026/09/25 01:34:32.157, 19287
2026/09/25 01:34:32.657, 19287
2026/09/25 01:34:33.157, 19287
2026/09/25 01:34:33.657, 19287
2026/09/25 01:34:34.158, 19287
2026/09/25 01:34:34.658, 19287
2026/09/25 01:34:35.158, 19287
2026/09/25 01:34:35.658, 19287
2026/09/25 01:34:36.158, 19287
2026/09/25 01:34:36.658, 19287
2026/09/25 01:34:37.158, 19287
2026/09/25 01:34:37.659, 19287
2026/09/25 01:34:38.159, 19287
2026/09/25 01:34:38.659, 19287
2026/09/25 01:34:39.159, 19287
2026/09/25 01:34:39.659, 19287
2026/09/25 01:34:40.159, 19287
2026/09/25 01:34:40.659, 19287
2026/09/25 01:34:41.160, 19287
2026/09/25 01:34:41.660, 19287
2026/09/25 01:34:42.160, 19287
2026/09/25 01:34:42.660, 19287
2026/09/25 01:34:43.160, 19287
2026/09/25 01:34:43.660, 19287
2026/09/25 01:34:44.160, 19287
2026/09/25 01:34:44.660, 19287
2026/09/25 01:34:45.161, 19287
2026/09/25 01:34:45.661, 19287
2026/09/25 01:34:46.161, 19287
2026/09/25 01:34:46.661, 19287
2026/09/25 01:34:47.161, 19287
2026/09/25 01:34:47.661, 19287
2026/09/25 01:34:48.161, 19287
2026/09/25 01:34:48.661, 19287
2026/09/25 01:34:49.162, 19287
2026/09/25 01:34:49.662, 19287
2026/09/25 01:34:50.162, 19287
2026/09/25 01:34:50.662, 19287
2026/09/25 01:34:51.162, 19287
2026/09/25 01:34:51.662, 19287
2026/09/25 01:34:52.162, 19287
2026/09/25 01:34:52.663, 19287
2026/09/25 01:34:53.163, 19287
2026/09/25 01:34:53.663, 19287
2026/09/25 01:34:54.163, 19287
2026/09/25 01:34:54.663, 19287
2026/09/25 01:34:55.163, 19287
2026/09/25 01:34:55.663, 19287
2026/09/25 01:34:56.163, 19287
2026/09/25 01:34:56.664, 19287
2026/09/25 01:34:57.164, 19287
2026/09/25 01:34:57.664, 19287
2026/09/25 01:34:58.164, 19287
2026/09/25 01:34:58.664, 19287
2026/09/25 01:34:59.164, 19287
2026/09/25 01:34:59.664, 19287
2026/09/25 01:35:00.165, 19287
2026/09/25 01:35:00.665, 19287
2026/09/25 01:35:01.165, 19287
2026/09/25 01:35:01.665, 19287
2026/09/25 01:35:02.165, 19287
2026/09/25 01:35:02.665, 19287
2026/09/25 01:35:03.165, 19287
2026/09/25 01:35:03.666, 19287
2026/09/25 01:35:04.166, 19287
2026/09/25 01:35:04.666, 19287
2026/09/25 01:35:05.166, 19287
2026/09/25 01:35:05.666, 19287
2026/09/25 01:35:06.166, 19287
2026/09/25 01:35:06.667, 19287
2026/09/25 01:35:07.167, 19287
2026/09/25 01:35:07.667, 19287
2026/09/25 01:35:08.167, 19287
2026/09/25 01:35:08.667, 19287
2026/09/25 01:35:09.167, 19287
2026/09/25 01:35:09.667, 19287
2026/09/25 01:35:10.168, 19287
2026/09/25 01:35:10.668, 19287
2026/09/25 01:35:11.168, 19287
2026/09/25 01:35:11.668, 19287
2026/09/25 01:35:12.168, 19287
2026/09/25 01:35:12.669, 19287
2026/09/25 01:35:13.169, 19287
2026/09/25 01:35:13.669, 19287
2026/09/25 01:35:14.169, 19287
2026/09/25 01:35:14.669, 19287
2026/09/25 01:35:15.170, 19287
2026/09/25 01:35:15.670, 19287
2026/09/25 01:35:16.170, 19287
2026/09/25 01:35:16.670, 19287
2026/09/25 01:35:17.170, 19287
2026/09/25 01:35:17.670, 19287
2026/09/25 01:35:18.171, 19287
2026/09/25 01:35:18.671, 19287
2026/09/25 01:35:19.171, 19287
2026/09/25 01:35:19.671, 19287
2026/09/25 01:35:20.171, 19287
2026/09/25 01:35:20.671, 19287
2026/09/25 01:35:21.171, 19287
2026/09/25 01:35:21.672, 19287
2026/09/25 01:35:22.172, 19287
2026/09/25 01:35:22.672, 19287
2026/09/25 01:35:23.172, 19287
2026/09/25 01:35:23.672, 19287
2026/09/25 01:35:24.173, 19287
2026/09/25 01:35:24.673, 19287
2026/09/25 01:35:25.173, 19287
2026/09/25 01:35:25.673, 19287
2026/09/25 01:35:26.173, 19287
2026/09/25 01:35:26.673, 19287
2026/09/25 01:35:27.174, 19287
2026/09/25 01:35:27.674, 19287
2026/09/25 01:35:28.174, 19287
2026/09/25 01:35:28.674, 19287
2026/09/25 01:35:29.174, 19287
2026/09/25 01:35:29.674, 19287
2026/09/25 01:35:30.175, 19287
2026/09/25 01:35:30.675, 19287
2026/09/25 01:35:31.175, 19287
2026/09/25 01:35:31.675, 19287
2026/09/25 01:35:32.175, 19287
2026/09/25 01:35:32.675, 19287
2026/09/25 01:35:33.175, 19287
2026/09/25 01:35:33.676, 19287
2026/09/25 01:35:34.176, 19287
2026/09/25 01:35:34.676, 19287
2026/09/25 01:35:35.176, 19287
2026/09/25 01:35:35.676, 19287
2026/09/25 01:35:36.176, 19287
2026/09/25 01:35:36.677, 19287
2026/09/25 01:35:37.177, 19287
2026/09/25 01:35:37.677, 19287
2026/09/25 01:35:38.177, 19287
2026/09/25 01:35:38.677, 19287
2026/09/25 01:35:39.177, 19287
2026/09/25 01:35:39.677, 19287
2026/09/25 01:35:40.178, 19287
2026/09/25 01:35:40.678, 19287
2026/09/25 01:35:41.178, 19287
2026/09/25 01:35:41.678, 19287
2026/09/25 01:35:42.178, 19287
2026/09/25 01:35:42.678, 19287
2026/09/25 01:35:43.178, 19287
2026/09/25 01:35:43.678, 19287
2026/09/25 01:35:44.179, 19287
2026/09/25 01:35:44.679, 19287
2026/09/25 01:35:45.179, 19287
2026/09/25 01:35:45.679, 19287
2026/09/25 01:35:46.179, 19287
2026/09/25 01:35:46.679, 19287
2026/09/25 01:35:47.180, 19287
2026/09/25 01:35:47.680, 19287
2026/09/25 01:35:48.180, 19287
2026/09/25 01:35:48.680, 19287
2026/09/25 01:35:49.180, 19287
2026/09/25 01:35:49.680, 19287
2026/09/25 01:35:50.180, 19287
2026/09/25 01:35:50.681, 19287
2026/09/25 01:35:51.181, 19287
2026/09/25 01:35:51.681, 19287
2026/09/25 01:35:52.181, 19287
2026/09/25 01:35:52.681, 19287
2026/09/25 01:35:53.181, 19287
2026/09/25 01:35:53.681, 19287
2026/09/25 01:35:54.182, 19287
2026/09/25 01:35:54.682, 19287
2026/09/25 01:35:55.182, 19287
2026/09/25 01:35:55.682, 19287
2026/09/25 01:35:56.182, 19287
2026/09/25 01:35:56.682, 19287
2026/09/25 01:35:57.183, 19287
2026/09/25 01:35:57.683, 19287
2026/09/25 01:35:58.183, 19287
2026/09/25 01:35:58.683, 19287
2026/09/25 01:35:59.183, 19287
2026/09/25 01:35:59.683, 19287
2026/09/25 01:36:00.183, 19287
2026/09/25 01:36:00.684, 19287
2026/09/25 01:36:01.184, 19287
2026/09/25 01:36:01.684, 19287
2026/09/25 01:36:02.184, 19287
2026/09/25 01:36:02.684, 19287
2026/09/25 01:36:03.184, 19287
2026/09/25 01:36:03.685, 19287
2026/09/25 01:36:04.185, 19287
2026/09/25 01:36:04.685, 19287
2026/09/25 01:36:05.185, 19287
2026/09/25 01:36:05.685, 19287
2026/09/25 01:36:06.185, 19287
2026/09/25 01:36:06.686, 19287
2026/09/25 01:36:07.186, 19287
2026/09/25 01:36:07.686, 19287
2026/09/25 01:36:08.186, 19287
2026/09/25 01:36:08.686, 19287
2026/09/25 01:36:09.186, 19287
2026/09/25 01:36:09.686, 19287
2026/09/25 01:36:10.187, 19287
2026/09/25 01:36:10.687, 19287
2026/09/25 01:36:11.187, 19287
2026/09/25 01:36:11.687, 19287
2026/09/25 01:36:12.187, 19287
2026/09/25 01:36:12.687, 19287
2026/09/25 01:36:13.188, 19503
2026/09/25 01:36:13.688, 19503
2026/09/25 01:36:14.188, 19503
2026/09/25 01:36:14.688, 19503
2026/09/25 01:36:15.188, 19503
2026/09/25 01:36:15.689, 19503
2026/09/25 01:36:16.189, 19503
2026/09/25 01:36:16.689, 19503
2026/09/25 01:36:17.189, 19503
2026/09/25 01:36:17.689, 19503
2026/09/25 01:36:18.189, 19503
2026/09/25 01:36:18.689, 19503
2026/09/25 01:36:19.190, 20003
2026/09/25 01:36:19.690, 20003
2026/09/25 01:36:20.190, 20003
2026/09/25 01:36:20.690, 20003
2026/09/25 01:36:21.190, 20003
2026/09/25 01:36:21.690, 20003
2026/09/25 01:36:22.191, 20003
2026/09/25 01:36:22.691, 20003
2026/09/25 01:36:23.191, 20003
2026/09/25 01:36:23.691, 20003
2026/09/25 01:36:24.191, 20003
2026/09/25 01:36:24.691, 20003
2026/09/25 01:36:25.191, 20003
2026/09/25 01:36:25.692, 20003
2026/09/25 01:36:26.192, 20003
2026/09/25 01:36:26.692, 20003
2026/09/25 01:36:27.192, 20003
2026/09/25 01:36:27.692, 20003
2026/09/25 01:36:28.192, 20003
2026/09/25 01:36:28.692, 20003
2026/09/25 01:36:29.193, 20003
2026/09/25 01:36:29.693, 20003
2026/09/25 01:36:30.193, 20003
2026/09/25 01:36:30.693, 20003
2026/09/25 01:36:31.193, 20003
2026/09/25 01:36:31.693, 20003
2026/09/25 01:36:32.193, 20003
2026/09/25 01:36:32.694, 20003
2026/09/25 01:36:33.194, 20003
2026/09/25 01:36:33.694, 20003
2026/09/25 01:36:34.194, 20003
2026/09/25 01:36:34.695, 20003
2026/09/25 01:36:35.195, 20003
2026/09/25 01:36:35.695, 20003
2026/09/25 01:36:36.195, 20003
2026/09/25 01:36:36.695, 20003
2026/09/25 01:36:37.195, 20003
2026/09/25 01:36:37.695, 20003
2026/09/25 01:36:38.195, 20003
2026/09/25 01:36:38.696, 20003
2026/09/25 01:36:39.196, 20003
2026/09/25 01:36:39.696, 20003
2026/09/25 01:36:40.196, 20003
2026/09/25 01:36:40.696, 20003
2026/09/25 01:36:41.196, 20003
2026/09/25 01:36:41.696, 20003
2026/09/25 01:36:42.197, 20003
2026/09/25 01:36:42.697, 20003
2026/09/25 01:36:43.197, 20003
2026/09/25 01:36:43.697, 20003
2026/09/25 01:36:44.197, 20003
2026/09/25 01:36:44.697, 20003
2026/09/25 01:36:45.198, 20003
2026/09/25 01:36:45.698, 20003
2026/09/25 01:36:46.198, 20003
2026/09/25 01:36:46.698, 20003
2026/09/25 01:36:47.198, 20003
2026/09/25 01:36:47.698, 20003
2026/09/25 01:36:48.198, 20003
2026/09/25 01:36:48.699, 20003
2026/09/25 01:36:49.199, 20003
2026/09/25 01:36:49.699, 20003
2026/09/25 01:36:50.199, 20003
2026/09/25 01:36:50.699, 20003
2026/09/25 01:36:51.199, 20003
2026/09/25 01:36:51.699, 20003
2026/09/25 01:36:52.200, 20003
2026/09/25 01:36:52.700, 20003
2026/09/25 01:36:53.200, 20003
2026/09/25 01:36:53.700, 20003
2026/09/25 01:36:54.200, 20003
2026/09/25 01:36:54.700, 20003
2026/09/25 01:36:55.200, 20003
2026/09/25 01:36:55.701, 20003
2026/09/25 01:36:56.201, 20003
2026/09/25 01:36:56.701, 20003
2026/09/25 01:36:57.201, 20003
2026/09/25 01:36:57.701, 20003
2026/09/25 01:36:58.201, 20003
2026/09/25 01:36:58.702, 20003
2026/09/25 01:36:59.202, 20003
2026/09/25 01:36:59.702, 20003
2026/09/25 01:37:00.202, 20003
2026/09/25 01:37:00.702, 20003
2026/09/25 01:37:01.202, 20003
2026/09/25 01:37:01.703, 20003
2026/09/25 01:37:02.203, 20003
2026/09/25 01:37:02.703, 20003
2026/09/25 01:37:03.203, 20003
2026/09/25 01:37:03.703, 20003
2026/09/25 01:37:04.203, 20003
2026/09/25 01:37:04.703, 20003
2026/09/25 01:37:05.204, 20003
2026/09/25 01:37:05.704, 20003
2026/09/25 01:37:06.204, 20003
2026/09/25 01:37:06.704, 20003
2026/09/25 01:37:07.204, 20003
2026/09/25 01:37:07.704, 20003
2026/09/25 01:37:08.204, 20003
2026/09/25 01:37:08.705, 20003
2026/09/25 01:37:09.205, 20003
2026/09/25 01:37:09.705, 20003
2026/09/25 01:37:10.205, 20003
2026/09/25 01:37:10.705, 20003
2026/09/25 01:37:11.205, 20003
2026/09/25 01:37:11.706, 20003
2026/09/25 01:37:12.206, 20003
2026/09/25 01:37:12.706, 20003
2026/09/25 01:37:13.206, 20003
2026/09/25 01:37:13.706, 20003
2026/09/25 01:37:14.206, 20003
2026/09/25 01:37:14.706, 20003
2026/09/25 01:37:15.207, 20003
2026/09/25 01:37:15.707, 20003
2026/09/25 01:37:16.207, 20003
2026/09/25 01:37:16.707, 20003
2026/09/25 01:37:17.207, 20003
2026/09/25 01:37:17.707, 20003
2026/09/25 01:37:18.207, 20003
2026/09/25 01:37:18.707, 20003
2026/09/25 01:37:19.208, 20003
2026/09/25 01:37:19.708, 20003
2026/09/25 01:37:20.208, 20003
2026/09/25 01:37:20.708, 20003
2026/09/25 01:37:21.208, 20003
2026/09/25 01:37:21.708, 20003
2026/09/25 01:37:22.209, 20003
2026/09/25 01:37:22.709, 20003
2026/09/25 01:37:23.209, 20003
2026/09/25 01:37:23.709, 20003
2026/09/25 01:37:24.209, 20003
2026/09/25 01:37:24.709, 20003
2026/09/25 01:37:25.209, 20003
2026/09/25 01:37:25.710, 20003
2026/09/25 01:37:26.210, 20003
2026/09/25 01:37:26.710, 20003
2026/09/25 01:37:27.210, 20003
2026/09/25 01:37:27.710, 20003
2026/09/25 01:37:28.210, 20003
2026/09/25 01:37:28.710, 20003
2026/09/25 01:37:29.211, 20003
2026/09/25 01:37:29.711, 20003
2026/09/25 01:37:30.211, 20003
2026/09/25 01:37:30.711, 20003
2026/09/25 01:37:31.211, 20003
2026/09/25 01:37:31.711, 20003
2026/09/25 01:37:32.211, 20003
2026/09/25 01:37:32.712, 20003
2026/09/25 01:37:33.212, 20003
2026/09/25 01:37:33.712, 20003
2026/09/25 01:37:34.212, 20003
2026/09/25 01:37:34.712, 20003
2026/09/25 01:37:35.212, 20003
2026/09/25 01:37:35.713, 20003
2026/09/25 01:37:36.213, 20003
2026/09/25 01:37:36.713, 20003
2026/09/25 01:37:37.213, 20003
2026/09/25 01:37:37.713, 20003
2026/09/25 01:37:38.213, 20003
2026/09/25 01:37:38.713, 20003
2026/09/25 01:37:39.214, 20003
2026/09/25 01:37:39.714, 20003
2026/09/25 01:37:40.214, 20003
2026/09/25 01:37:40.714, 20003
2026/09/25 01:37:41.214, 20003
2026/09/25 01:37:41.714, 20003
2026/09/25 01:37:42.215, 20003
2026/09/25 01:37:42.715, 20003
2026/09/25 01:37:43.215, 20003
2026/09/25 01:37:43.715, 20003
2026/09/25 01:37:44.215, 20003
2026/09/25 01:37:44.715, 20003
2026/09/25 01:37:45.216, 20003
2026/09/25 01:37:45.716, 20003
2026/09/25 01:37:46.216, 20003
2026/09/25 01:37:46.716, 20003
2026/09/25 01:37:47.216, 20003
2026/09/25 01:37:47.716, 20003
2026/09/25 01:37:48.217, 20003
2026/09/25 01:37:48.717, 20003
2026/09/25 01:37:49.217, 20003
2026/09/25 01:37:49.717, 20003
2026/09/25 01:37:50.217, 20003
2026/09/25 01:37:50.717, 20003
2026/09/25 01:37:51.218, 20003
2026/09/25 01:37:51.718, 20003
2026/09/25 01:37:52.218, 20003
2026/09/25 01:37:52.718, 20003
2026/09/25 01:37:53.218, 20003
2026/09/25 01:37:53.718, 20003
2026/09/25 01:37:54.219, 20003
2026/09/25 01:37:54.719, 20003
2026/09/25 01:37:55.219, 20003
2026/09/25 01:37:55.719, 20003
2026/09/25 01:37:56.219, 20003
2026/09/25 01:37:56.719, 20003
2026/09/25 01:37:57.220, 20003
2026/09/25 01:37:57.720, 20003
2026/09/25 01:37:58.220, 20003
2026/09/25 01:37:58.720, 20003
2026/09/25 01:37:59.220, 20003
2026/09/25 01:37:59.721, 20003
2026/09/25 01:38:00.221, 20003
2026/09/25 01:38:00.721, 20003
2026/09/25 01:38:01.221, 20003
2026/09/25 01:38:01.721, 20003
2026/09/25 01:38:02.221, 20003
2026/09/25 01:38:02.722, 20003
2026/09/25 01:38:03.222, 20003
2026/09/25 01:38:03.722, 20003
2026/09/25 01:38:04.222, 20003
2026/09/25 01:38:04.722, 20003
2026/09/25 01:38:05.222, 20003
2026/09/25 01:38:05.722, 20003
2026/09/25 01:38:06.223, 20003
2026/09/25 01:38:06.723, 20003
2026/09/25 01:38:07.223, 20003
2026/09/25 01:38:07.723, 20003
2026/09/25 01:38:08.223, 20003
2026/09/25 01:38:08.723, 20003
2026/09/25 01:38:09.224, 20003
2026/09/25 01:38:09.724, 20003
2026/09/25 01:38:10.224, 20003
2026/09/25 01:38:10.724, 20003
2026/09/25 01:38:11.224, 20003
2026/09/25 01:38:11.724, 20003
2026/09/25 01:38:12.224, 20003
2026/09/25 01:38:12.725, 20003
2026/09/25 01:38:13.225, 20003
2026/09/25 01:38:13.725, 20003
2026/09/25 01:38:14.225, 20003
2026/09/25 01:38:14.725, 20003
2026/09/25 01:38:15.225, 4
2026/09/25 01:38:15.725, 4
2026/09/25 01:38:16.226, 1
