2026/09/24 21:22:46.988, 1
2026/09/24 21:22:47.488, 1
2026/09/24 21:22:47.989, 1
2026/09/24 21:22:48.489, 1
2026/09/24 21:22:48.989, 1
2026/09/24 21:22:49.489, 1
2026/09/24 21:22:49.989, 4
2026/09/24 21:22:50.489, 4
2026/09/24 21:22:50.989, 4
2026/09/24 21:22:51.490, 4
2026/09/24 21:22:51.990, 4
2026/09/24 21:22:52.490, 4
2026/09/24 21:22:52.990, 8857
2026/09/24 21:22:53.490, 8857
2026/09/24 21:22:53.990, 8857
2026/09/24 21:22:54.491, 8857
2026/09/24 21:22:54.991, 8857
2026/09/24 21:22:55.491, 9047
2026/09/24 21:22:55.991, 10043
2026/09/24 21:22:56.491, 10077
2026/09/24 21:22:56.992, 10077
2026/09/24 21:22:57.492, 10077
2026/09/24 21:22:57.992, 10077
2026/09/24 21:22:58.492, 10077
2026/09/24 21:22:58.992, 10077
2026/09/24 21:22:59.492, 10077
2026/09/24 21:22:59.992, 10077
2026/09/24 21:23:00.493, 10077
2026/09/24 21:23:00.993, 10077
2026/09/24 21:23:01.493, 10077
2026/09/24 21:23:01.993, 10077
2026/09/24 21:23:02.493, 10077
2026/09/24 21:23:02.993, 10077
2026/09/24 21:23:03.494, 10081
2026/09/24 21:23:03.994, 10081
2026/09/24 21:23:04.494, 10081
2026/09/24 21:23:04.994, 10081
2026/09/24 21:23:05.494, 10081
2026/09/24 21:23:05.995, 10081
2026/09/24 21:23:06.495, 10081
2026/09/24 21:23:06.995, 10081
2026/09/24 21:23:07.495, 10081
2026/09/24 21:23:07.995, 10081
2026/09/24 21:23:08.495, 10081
2026/09/24 21:23:08.996, 10081
2026/09/24 21:23:09.496, 10081
2026/09/24 21:23:09.996, 10081
2026/09/24 21:23:10.496, 10081
2026/09/24 21:23:10.996, 10415
2026/09/24 21:23:11.497, 10495
2026/09/24 21:23:11.997, 10495
2026/09/24 21:23:12.497, 10795
2026/09/24 21:23:12.997, 10795
2026/09/24 21:23:13.497, 10795
2026/09/24 21:23:13.997, 10795
2026/09/24 21:23:14.498, 10795
2026/09/24 21:23:14.998, 10795
2026/09/24 21:23:15.498, 10795
2026/09/24 21:23:15.998, 10795
2026/09/24 21:23:16.498, 10795
2026/09/24 21:23:16.998, 10795
2026/09/24 21:23:17.499, 10795
2026/09/24 21:23:17.999, 10795
2026/09/24 21:23:18.499, 10795
2026/09/24 21:23:18.999, 10795
2026/09/24 21:23:19.499, 10795
2026/09/24 21:23:19.999, 10795
2026/09/24 21:23:20.500, 10795
2026/09/24 21:23:21.000, 10795
2026/09/24 21:23:21.500, 10795
2026/09/24 21:23:22.000, 10795
2026/09/24 21:23:22.500, 10795
2026/09/24 21:23:23.001, 10795
2026/09/24 21:23:23.501, 10795
2026/09/24 21:23:24.001, 10795
2026/09/24 21:23:24.501, 11131
2026/09/24 21:23:25.001, 11131
2026/09/24 21:23:25.501, 11131
2026/09/24 21:23:26.002, 11131
2026/09/24 21:23:26.502, 11131
2026/09/24 21:23:27.002, 11131
2026/09/24 21:23:27.502, 11131
2026/09/24 21:23:28.002, 11131
2026/09/24 21:23:28.502, 11131
2026/09/24 21:23:29.003, 11131
2026/09/24 21:23:29.503, 11131
2026/09/24 21:23:30.003, 11131
2026/09/24 21:23:30.503, 11131
2026/09/24 21:23:31.003, 11131
2026/09/24 21:23:31.503, 11131
2026/09/24 21:23:32.004, 11131
2026/09/24 21:23:32.504, 11131
2026/09/24 21:23:33.004, 11131
2026/09/24 21:23:33.504, 11131
2026/09/24 21:23:34.004, 11131
2026/09/24 21:23:34.504, 11131
2026/09/24 21:23:35.005, 11131
2026/09/24 21:23:35.505, 11131
2026/09/24 21:23:36.005, 11131
2026/09/24 21:23:36.505, 11131
2026/09/24 21:23:37.005, 11131
2026/09/24 21:23:37.505, 11131
2026/09/24 21:23:38.006, 11131
2026/09/24 21:23:38.506, 11131
2026/09/24 21:23:39.006, 11131
2026/09/24 21:23:39.506, 11131
2026/09/24 21:23:40.006, 11131
2026/09/24 21:23:40.506, 11131
2026/09/24 21:23:41.007, 11131
2026/09/24 21:23:41.507, 11131
2026/09/24 21:23:42.007, 11477
2026/09/24 21:23:42.507, 11477
2026/09/24 21:23:43.007, 11477
2026/09/24 21:23:43.508, 11477
2026/09/24 21:23:44.008, 11477
2026/09/24 21:23:44.508, 11477
2026/09/24 21:23:45.008, 11477
2026/09/24 21:23:45.508, 11477
2026/09/24 21:23:46.008, 11477
2026/09/24 21:23:46.509, 11477
2026/09/24 21:23:47.009, 11477
2026/09/24 21:23:47.509, 11477
2026/09/24 21:23:48.009, 11477
2026/09/24 21:23:48.509, 11477
2026/09/24 21:23:49.009, 11477
2026/09/24 21:23:49.510, 11477
2026/09/24 21:23:50.010, 11477
2026/09/24 21:23:50.510, 11477
2026/09/24 21:23:51.010, 11477
2026/09/24 21:23:51.510, 11477
2026/09/24 21:23:52.010, 11477
2026/09/24 21:23:52.511, 11477
2026/09/24 21:23:53.011, 11477
2026/09/24 21:23:53.511, 11477
2026/09/24 21:23:54.011, 11477
2026/09/24 21:23:54.512, 11477
2026/09/24 21:23:55.012, 11477
2026/09/24 21:23:55.512, 11477
2026/09/24 21:23:56.012, 11477
2026/09/24 21:23:56.512, 11477
2026/09/24 21:23:57.012, 11477
2026/09/24 21:23:57.513, 11477
2026/09/24 21:23:58.013, 11477
2026/09/24 21:23:58.513, 11477
2026/09/24 21:23:59.013, 11477
2026/09/24 21:23:59.513, 11477
2026/09/24 21:24:00.013, 11477
2026/09/24 21:24:00.514, 11477
2026/09/24 21:24:01.014, 11477
2026/09/24 21:24:01.514, 11477
2026/09/24 21:24:02.014, 11479
2026/09/24 21:24:02.514, 11479
2026/09/24 21:24:03.014, 11479
2026/09/24 21:24:03.515, 11479
2026/09/24 21:24:04.015, 11479
2026/09/24 21:24:04.515, 11479
2026/09/24 21:24:05.015, 11479
2026/09/24 21:24:05.515, 11479
2026/09/24 21:24:06.015, 11479
2026/09/24 21:24:06.515, 11479
2026/09/24 21:24:07.016, 11479
2026/09/24 21:24:07.516, 11479
2026/09/24 21:24:08.016, 11479
2026/09/24 21:24:08.516, 11479
2026/09/24 21:24:09.016, 11479
2026/09/24 21:24:09.517, 11479
2026/09/24 21:24:10.017, 11479
2026/09/24 21:24:10.517, 11479
2026/09/24 21:24:11.017, 11479
2026/09/24 21:24:11.517, 11479
2026/09/24 21:24:12.017, 11479
2026/09/24 21:24:12.518, 11479
2026/09/24 21:24:13.018, 11479
2026/09/24 21:24:13.518, 11479
2026/09/24 21:24:14.018, 11479
2026/09/24 21:24:14.518, 11479
2026/09/24 21:24:15.018, 11479
2026/09/24 21:24:15.519, 11479
2026/09/24 21:24:16.019, 11479
2026/09/24 21:24:16.519, 11479
2026/09/24 21:24:17.019, 11479
2026/09/24 21:24:17.519, 11479
2026/09/24 21:24:18.019, 11479
2026/09/24 21:24:18.519, 11479
2026/09/24 21:24:19.020, 11479
2026/09/24 21:24:19.520, 11479
2026/09/24 21:24:20.022, 11479
2026/09/24 21:24:20.523, 11479
2026/09/24 21:24:21.023, 11479
2026/09/24 21:24:21.523, 11479
2026/09/24 21:24:22.023, 11479
2026/09/24 21:24:22.523, 11479
2026/09/24 21:24:23.023, 11479
2026/09/24 21:24:23.523, 11479
2026/09/24 21:24:24.024, 11479
2026/09/24 21:24:24.524, 11479
2026/09/24 21:24:25.024, 11479
2026/09/24 21:24:25.524, 11479
2026/09/24 21:24:26.024, 11479
2026/09/24 21:24:26.524, 11479
2026/09/24 21:24:27.025, 11479
2026/09/24 21:24:27.525, 11479
2026/09/24 21:24:28.025, 11479
2026/09/24 21:24:28.525, 11479
2026/09/24 21:24:29.025, 11479
2026/09/24 21:24:29.525, 11479
2026/09/24 21:24:30.025, 11479
2026/09/24 21:24:30.526, 11479
2026/09/24 21:24:31.026, 11479
2026/09/24 21:24:31.526, 11479
2026/09/24 21:24:32.026, 11479
2026/09/24 21:24:32.526, 11479
2026/09/24 21:24:33.027, 11479
2026/09/24 21:24:33.527, 11479
2026/09/24 21:24:34.027, 11479
2026/09/24 21:24:34.527, 11479
2026/09/24 21:24:35.027, 11479
2026/09/24 21:24:35.527, 11479
2026/09/24 21:24:36.028, 11479
2026/09/24 21:24:36.528, 11479
2026/09/24 21:24:37.028, 11479
2026/09/24 21:24:37.528, 11479
2026/09/24 21:24:38.028, 11479
2026/09/24 21:24:38.528, 11479
2026/09/24 21:24:39.028, 11479
2026/09/24 21:24:39.529, 11479
2026/09/24 21:24:40.029, 11479
2026/09/24 21:24:40.529, 11479
2026/09/24 21:24:41.029, 11479
2026/09/24 21:24:41.529, 11479
2026/09/24 21:24:42.029, 11479
2026/09/24 21:24:42.556, 11479
2026/09/24 21:24:43.056, 11479
2026/09/24 21:24:43.557, 11479
2026/09/24 21:24:44.057, 11479
2026/09/24 21:24:44.557, 11479
2026/09/24 21:24:45.057, 11479
2026/09/24 21:24:45.557, 11479
2026/09/24 21:24:46.057, 11479
2026/09/24 21:24:46.557, 11479
2026/09/24 21:24:47.058, 11479
2026/09/24 21:24:47.558, 11479
2026/09/24 21:24:48.058, 11479
2026/09/24 21:24:48.558, 11479
2026/09/24 21:24:49.058, 11479
2026/09/24 21:24:49.558, 11479
2026/09/24 21:24:50.059, 11479
2026/09/24 21:24:50.559, 11479
2026/09/24 21:24:51.059, 11479
2026/09/24 21:24:51.559, 11479
2026/09/24 21:24:52.059, 11479
2026/09/24 21:24:52.559, 11479
2026/09/24 21:24:53.059, 11479
2026/09/24 21:24:53.559, 11479
2026/09/24 21:24:54.060, 11479
2026/09/24 21:24:54.560, 11479
2026/09/24 21:24:55.060, 11479
2026/09/24 21:24:55.560, 11479
2026/09/24 21:24:56.060, 11479
2026/09/24 21:24:56.560, 11479
2026/09/24 21:24:57.061, 11479
2026/09/24 21:24:57.561, 11479
2026/09/24 21:24:58.061, 11479
2026/09/24 21:24:58.561, 11479
2026/09/24 21:24:59.061, 11479
2026/09/24 21:24:59.561, 11479
2026/09/24 21:25:00.062, 11479
2026/09/24 21:25:00.562, 11479
2026/09/24 21:25:01.062, 11479
2026/09/24 21:25:01.562, 11479
2026/09/24 21:25:02.062, 11479
2026/09/24 21:25:02.562, 11479
2026/09/24 21:25:03.062, 11479
2026/09/24 21:25:03.563, 11479
2026/09/24 21:25:04.063, 11479
2026/09/24 21:25:04.563, 11479
2026/09/24 21:25:05.063, 11479
2026/09/24 21:25:05.563, 11479
2026/09/24 21:25:06.063, 11479
2026/09/24 21:25:06.563, 11479
2026/09/24 21:25:07.064, 11479
2026/09/24 21:25:07.564, 11479
2026/09/24 21:25:08.064, 11479
2026/09/24 21:25:08.564, 11479
2026/09/24 21:25:09.064, 11479
2026/09/24 21:25:09.564, 11479
2026/09/24 21:25:10.064, 11479
2026/09/24 21:25:10.565, 11479
2026/09/24 21:25:11.065, 11479
2026/09/24 21:25:11.565, 11479
2026/09/24 21:25:12.065, 11479
2026/09/24 21:25:12.565, 11479
2026/09/24 21:25:13.065, 11479
2026/09/24 21:25:13.566, 11479
2026/09/24 21:25:14.066, 11479
2026/09/24 21:25:14.566, 11479
2026/09/24 21:25:15.066, 11479
2026/09/24 21:25:15.591, 11479
2026/09/24 21:25:16.091, 11479
2026/09/24 21:25:16.592, 11479
2026/09/24 21:25:17.092, 11479
2026/09/24 21:25:17.592, 11479
2026/09/24 21:25:18.092, 11479
2026/09/24 21:25:18.592, 11479
2026/09/24 21:25:19.092, 11479
2026/09/24 21:25:19.592, 11479
2026/09/24 21:25:20.093, 11479
2026/09/24 21:25:20.593, 11479
2026/09/24 21:25:21.093, 11479
2026/09/24 21:25:21.593, 11479
2026/09/24 21:25:22.093, 11479
2026/09/24 21:25:22.593, 11479
2026/09/24 21:25:23.093, 11479
2026/09/24 21:25:23.594, 11479
2026/09/24 21:25:24.094, 11479
2026/09/24 21:25:24.594, 11479
2026/09/24 21:25:25.094, 11479
2026/09/24 21:25:25.594, 11479
2026/09/24 21:25:26.095, 11479
2026/09/24 21:25:26.595, 11479
2026/09/24 21:25:27.095, 11479
2026/09/24 21:25:27.595, 11479
2026/09/24 21:25:28.095, 11479
2026/09/24 21:25:28.595, 11479
2026/09/24 21:25:29.097, 11479
2026/09/24 21:25:29.597, 11479
2026/09/24 21:25:30.097, 11479
2026/09/24 21:25:30.597, 11479
2026/09/24 21:25:31.097, 11479
2026/09/24 21:25:31.598, 11479
2026/09/24 21:25:32.098, 11479
2026/09/24 21:25:32.598, 11479
2026/09/24 21:25:33.098, 11479
2026/09/24 21:25:33.598, 11479
2026/09/24 21:25:34.098, 11479
2026/09/24 21:25:34.599, 11479
2026/09/24 21:25:35.099, 11479
2026/09/24 21:25:35.599, 11479
2026/09/24 21:25:36.099, 11479
2026/09/24 21:25:36.599, 11479
2026/09/24 21:25:37.099, 11479
2026/09/24 21:25:37.599, 11479
2026/09/24 21:25:38.100, 11479
2026/09/24 21:25:38.600, 11479
2026/09/24 21:25:39.100, 11479
2026/09/24 21:25:39.600, 11479
2026/09/24 21:25:40.100, 11479
2026/09/24 21:25:40.600, 11479
2026/09/24 21:25:41.100, 11479
2026/09/24 21:25:41.601, 11479
2026/09/24 21:25:42.101, 11479
2026/09/24 21:25:42.601, 11479
2026/09/24 21:25:43.101, 11479
2026/09/24 21:25:43.601, 11479
2026/09/24 21:25:44.101, 11479
2026/09/24 21:25:44.602, 11479
2026/09/24 21:25:45.102, 11479
2026/09/24 21:25:45.602, 11479
2026/09/24 21:25:46.102, 11479
2026/09/24 21:25:46.602, 11479
2026/09/24 21:25:47.102, 11479
2026/09/24 21:25:47.602, 11479
2026/09/24 21:25:48.103, 11479
2026/09/24 21:25:48.603, 11479
2026/09/24 21:25:49.103, 11479
2026/09/24 21:25:49.603, 11479
2026/09/24 21:25:50.103, 11479
2026/09/24 21:25:50.604, 11479
2026/09/24 21:25:51.104, 11479
2026/09/24 21:25:51.604, 11479
2026/09/24 21:25:52.104, 11479
2026/09/24 21:25:52.604, 11479
2026/09/24 21:25:53.104, 11479
2026/09/24 21:25:53.605, 11479
2026/09/24 21:25:54.105, 11479
2026/09/24 21:25:54.605, 11479
2026/09/24 21:25:55.105, 11479
2026/09/24 21:25:55.605, 11479
2026/09/24 21:25:56.105, 11479
2026/09/24 21:25:56.606, 11479
2026/09/24 21:25:57.106, 11479
2026/09/24 21:25:57.606, 11479
2026/09/24 21:25:58.106, 11479
2026/09/24 21:25:58.606, 11479
2026/09/24 21:25:59.106, 11479
2026/09/24 21:25:59.606, 11479
2026/09/24 21:26:00.107, 11479
2026/09/24 21:26:00.607, 11479
2026/09/24 21:26:01.107, 11479
2026/09/24 21:26:01.607, 11479
2026/09/24 21:26:02.107, 11479
2026/09/24 21:26:02.607, 11479
2026/09/24 21:26:03.107, 11479
2026/09/24 21:26:03.608, 11479
2026/09/24 21:26:04.108, 11479
2026/09/24 21:26:04.608, 11479
2026/09/24 21:26:05.108, 11479
2026/09/24 21:26:05.608, 11479
2026/09/24 21:26:06.108, 11479
2026/09/24 21:26:06.608, 11479
2026/09/24 21:26:07.109, 11479
2026/09/24 21:26:07.609, 11479
2026/09/24 21:26:08.109, 11479
2026/09/24 21:26:08.609, 11479
2026/09/24 21:26:09.109, 11479
2026/09/24 21:26:09.609, 11479
2026/09/24 21:26:10.110, 11479
2026/09/24 21:26:10.610, 11479
2026/09/24 21:26:11.110, 11479
2026/09/24 21:26:11.610, 11479
2026/09/24 21:26:12.110, 11479
2026/09/24 21:26:12.610, 11479
2026/09/24 21:26:13.110, 11479
2026/09/24 21:26:13.610, 11479
2026/09/24 21:26:14.111, 11479
2026/09/24 21:26:14.611, 11479
2026/09/24 21:26:15.111, 11479
2026/09/24 21:26:15.611, 11479
2026/09/24 21:26:16.111, 11479
2026/09/24 21:26:16.611, 11479
2026/09/24 21:26:17.112, 11479
2026/09/24 21:26:17.612, 11479
2026/09/24 21:26:18.112, 11479
2026/09/24 21:26:18.612, 11479
2026/09/24 21:26:19.112, 11479
2026/09/24 21:26:19.613, 11479
2026/09/24 21:26:20.113, 11479
2026/09/24 21:26:20.613, 11479
2026/09/24 21:26:21.113, 11479
2026/09/24 21:26:21.613, 11479
2026/09/24 21:26:22.113, 11479
2026/09/24 21:26:22.614, 11479
2026/09/24 21:26:23.114, 11479
2026/09/24 21:26:23.614, 11479
2026/09/24 21:26:24.114, 11479
2026/09/24 21:26:24.614, 11479
2026/09/24 21:26:25.114, 11479
2026/09/24 21:26:25.614, 11479
2026/09/24 21:26:26.115, 11479
2026/09/24 21:26:26.615, 11479
2026/09/24 21:26:27.115, 11479
2026/09/24 21:26:27.615, 11479
2026/09/24 21:26:28.115, 11479
2026/09/24 21:26:28.615, 11479
2026/09/24 21:26:29.115, 11479
2026/09/24 21:26:29.616, 11479
2026/09/24 21:26:30.116, 11479
2026/09/24 21:26:30.616, 11479
2026/09/24 21:26:31.116, 11479
2026/09/24 21:26:31.616, 11479
2026/09/24 21:26:32.116, 11479
2026/09/24 21:26:32.617, 11479
2026/09/24 21:26:33.117, 11479
2026/09/24 21:26:33.617, 11479
2026/09/24 21:26:34.117, 11479
2026/09/24 21:26:34.617, 11479
2026/09/24 21:26:35.117, 11479
2026/09/24 21:26:35.618, 11479
2026/09/24 21:26:36.118, 11479
2026/09/24 21:26:36.618, 11479
2026/09/24 21:26:37.118, 11479
2026/09/24 21:26:37.618, 11479
2026/09/24 21:26:38.118, 11479
2026/09/24 21:26:38.619, 11479
2026/09/24 21:26:39.119, 11479
2026/09/24 21:26:39.619, 11479
2026/09/24 21:26:40.119, 11479
2026/09/24 21:26:40.619, 11479
2026/09/24 21:26:41.119, 11479
2026/09/24 21:26:41.619, 11479
2026/09/24 21:26:42.120, 11479
2026/09/24 21:26:42.620, 11479
2026/09/24 21:26:43.120, 11479
2026/09/24 21:26:43.620, 11479
2026/09/24 21:26:44.120, 11479
2026/09/24 21:26:44.620, 11479
2026/09/24 21:26:45.121, 11479
2026/09/24 21:26:45.621, 11479
2026/09/24 21:26:46.121, 11479
2026/09/24 21:26:46.621, 11479
2026/09/24 21:26:47.121, 11479
2026/09/24 21:26:47.621, 11479
2026/09/24 21:26:48.121, 11479
2026/09/24 21:26:48.622, 11479
2026/09/24 21:26:49.122, 11479
2026/09/24 21:26:49.622, 11479
2026/09/24 21:26:50.122, 11479
2026/09/24 21:26:50.622, 11479
2026/09/24 21:26:51.122, 11479
2026/09/24 21:26:51.623, 11479
2026/09/24 21:26:52.123, 11479
2026/09/24 21:26:52.623, 11479
2026/09/24 21:26:53.123, 11479
2026/09/24 21:26:53.623, 11479
2026/09/24 21:26:54.123, 11479
2026/09/24 21:26:54.624, 11479
2026/09/24 21:26:55.124, 11479
2026/09/24 21:26:55.624, 11479
2026/09/24 21:26:56.124, 11479
2026/09/24 21:26:56.624, 11479
2026/09/24 21:26:57.124, 11479
2026/09/24 21:26:57.625, 11479
2026/09/24 21:26:58.125, 11479
2026/09/24 21:26:58.625, 11479
2026/09/24 21:26:59.125, 11479
2026/09/24 21:26:59.625, 11479
2026/09/24 21:27:00.125, 11479
2026/09/24 21:27:00.625, 11479
2026/09/24 21:27:01.126, 11479
2026/09/24 21:27:01.626, 11479
2026/09/24 21:27:02.126, 11479
2026/09/24 21:27:02.626, 11479
2026/09/24 21:27:03.126, 11479
2026/09/24 21:27:03.626, 11479
2026/09/24 21:27:04.127, 11479
2026/09/24 21:27:04.627, 11479
2026/09/24 21:27:05.127, 11479
2026/09/24 21:27:05.627, 11479
2026/09/24 21:27:06.127, 11479
2026/09/24 21:27:06.627, 11479
2026/09/24 21:27:07.128, 11479
2026/09/24 21:27:07.628, 11479
2026/09/24 21:27:08.128, 11479
2026/09/24 21:27:08.628, 11479
2026/09/24 21:27:09.128, 11479
2026/09/24 21:27:09.628, 11479
2026/09/24 21:27:10.128, 11479
2026/09/24 21:27:10.629, 11479
2026/09/24 21:27:11.129, 11479
2026/09/24 21:27:11.629, 11479
2026/09/24 21:27:12.129, 11479
2026/09/24 21:27:12.629, 11479
2026/09/24 21:27:13.129, 11479
2026/09/24 21:27:13.629, 11479
2026/09/24 21:27:14.130, 11479
2026/09/24 21:27:14.630, 11479
2026/09/24 21:27:15.130, 11479
2026/09/24 21:27:15.630, 11479
2026/09/24 21:27:16.130, 11479
2026/09/24 21:27:16.630, 11479
2026/09/24 21:27:17.130, 11479
2026/09/24 21:27:17.631, 11479
2026/09/24 21:27:18.131, 11479
2026/09/24 21:27:18.631, 11479
2026/09/24 21:27:19.131, 11479
2026/09/24 21:27:19.631, 11479
2026/09/24 21:27:20.131, 11479
2026/09/24 21:27:20.632, 493
2026/09/24 21:27:21.132, 493
2026/09/24 21:27:21.632, 1
