2026/09/25 00:42:42.797, 1
2026/09/25 00:42:43.298, 1
2026/09/25 00:42:43.798, 1
2026/09/25 00:42:44.298, 1
2026/09/25 00:42:44.798, 1
2026/09/25 00:42:45.298, 1
2026/09/25 00:42:45.798, 4
2026/09/25 00:42:46.299, 4
2026/09/25 00:42:46.799, 4
2026/09/25 00:42:47.299, 4
2026/09/25 00:42:47.799, 4
2026/09/25 00:42:48.299, 4
2026/09/25 00:42:48.799, 8857
2026/09/25 00:42:49.300, 8857
2026/09/25 00:42:49.800, 8857
2026/09/25 00:42:50.300, 8857
2026/09/25 00:42:50.800, 8857
2026/09/25 00:42:51.300, 8969
2026/09/25 00:42:51.801, 9075
2026/09/25 00:42:52.301, 9075
2026/09/25 00:42:52.801, 9075
2026/09/25 00:42:53.301, 9075
2026/09/25 00:42:53.801, 9075
2026/09/25 00:42:54.301, 9159
2026/09/25 00:42:54.801, 8955
2026/09/25 00:42:55.302, 489
2026/09/25 00:42:55.802, 1
